,player_id,pts,reb,ast,blk,stl,fg%,ft%,fg3m,min,tov
0,203932,16.0,7.4,3.7,0.7,0.7,0.45,0.75,1.6,33.8,2.1
1,201143,13.6,6.8,4.2,1.3,0.9,0.54,0.79,1.1,29.0,1.5
2,202329,9.4,7.5,1.3,0.4,0.8,0.44,0.9,1.2,28.3,0.9
3,202692,8.8,3.7,2.0,0.3,0.6,0.41,0.82,1.0,21.5,1.0
4,203518,5.3,1.6,0.6,0.2,0.5,0.35,1.0,1.3,19.0,0.5
5,203458,11.1,5.6,1.1,0.9,0.4,0.5,0.64,1.0,20.1,1.3
6,1627816,5.1,3.6,0.8,0.5,0.2,0.49,0.64,0.4,14.5,0.6
7,203459,9.6,3.5,1.1,0.3,0.5,0.37,0.77,2.3,26.4,1.1
8,101161,3.9,2.9,1.2,0.3,0.3,0.48,0.75,0.2,10.4,0.9
9,203083,17.3,15.6,1.4,1.7,1.7,0.53,0.6,0.1,33.5,2.2
10,2738,5.7,3.7,3.2,0.8,0.9,0.5,0.6,0.7,23.2,0.8
11,101106,3.5,5.0,1.0,0.7,0.3,0.48,1.0,0.0,12.2,0.7
12,1626150,3.2,1.2,1.4,0.1,0.2,0.29,0.91,0.3,10.9,0.7
13,203952,18.1,4.8,2.5,0.7,1.0,0.41,0.68,1.6,34.8,1.9
14,203076,25.9,12.0,3.9,2.4,1.6,0.52,0.79,0.9,33.0,2.0
15,201229,5.0,2.7,0.7,0.3,0.3,0.38,0.78,1.2,16.6,0.6
16,203382,5.6,4.7,1.1,0.7,0.2,0.48,0.83,0.4,16.1,0.8
17,203085,8.1,2.1,2.2,0.3,0.6,0.41,0.54,1.4,26.7,0.9
18,202340,9.9,2.8,2.4,0.3,0.7,0.4,0.87,1.4,30.2,1.4
19,203463,3.9,0.9,0.2,0.2,0.3,0.38,0.67,0.9,8.3,0.3
20,202687,4.4,4.6,0.6,0.8,0.2,0.55,0.65,0.0,14.5,0.6
21,201933,24.5,7.5,5.4,0.4,0.7,0.46,0.75,2.5,35.0,3.4
22,1626246,7.3,4.6,0.9,0.5,0.3,0.62,0.74,0.1,11.7,1.0
23,1626171,14.2,8.1,1.4,0.4,0.7,0.44,0.79,1.5,26.0,1.5
24,202711,18.0,4.1,2.0,0.0,0.9,0.49,0.79,2.0,31.8,1.7
25,203078,25.6,5.0,5.5,0.7,1.5,0.47,0.8,2.5,36.9,2.7
26,1627742,18.3,5.1,3.0,0.6,0.5,0.5,0.68,0.6,33.9,2.5
27,201572,12.5,4.9,1.2,2.2,0.6,0.45,0.87,2.3,28.7,1.0
28,203998,8.3,4.6,1.5,1.0,0.4,0.42,0.8,1.4,23.5,1.1
29,1627854,11.8,2.9,2.1,0.0,0.5,0.46,0.8,2.1,28.0,1.0
30,1627741,20.7,5.0,2.5,0.4,0.7,0.46,0.88,3.4,31.9,1.8
31,203468,21.0,4.0,3.0,0.4,0.8,0.46,0.85,2.4,33.9,1.5
32,101139,6.4,1.7,0.7,0.3,0.5,0.36,0.82,1.3,16.2,0.6
33,1626166,6.3,1.8,2.7,0.2,0.7,0.43,0.8,0.6,17.8,1.1
34,1627747,13.7,3.8,3.9,0.4,1.1,0.43,0.68,1.2,26.6,1.7
35,2546,13.4,5.4,0.5,0.7,0.4,0.4,0.68,2.1,29.4,0.8
36,202718,7.5,2.8,1.7,0.2,0.8,0.37,0.9,1.2,19.8,1.3
37,101112,3.6,1.4,0.6,0.1,0.2,0.36,0.75,0.9,9.5,0.4
38,1627767,6.0,5.2,0.5,0.5,0.5,0.62,0.8,0.0,14.0,0.8
39,101108,15.6,4.5,8.2,0.3,2.0,0.42,0.86,2.2,32.0,2.6
40,203991,16.6,12.6,1.4,1.5,0.7,0.65,0.64,0.0,33.6,1.4
41,203469,10.1,6.8,2.1,0.8,0.8,0.56,0.79,0.1,25.4,1.3
42,201147,4.9,2.4,1.3,0.2,1.0,0.42,0.71,0.5,15.9,0.6
43,202709,6.5,3.4,3.9,0.3,1.1,0.42,0.8,0.7,25.2,1.0
44,201584,4.0,1.6,1.1,0.1,0.6,0.42,0.67,0.5,12.6,0.4
45,1626245,4.0,3.6,0.6,0.1,0.2,0.53,0.67,0.0,12.4,0.6
46,1626156,21.1,3.9,7.0,0.2,1.2,0.43,0.8,2.9,30.2,3.1
47,201571,11.7,2.5,5.3,0.0,0.6,0.46,0.85,1.6,28.0,1.6
48,1627745,5.4,3.1,1.2,1.0,0.5,0.71,0.67,0.0,17.1,0.7
49,203081,25.8,4.7,6.9,0.4,1.1,0.44,0.92,3.0,35.5,2.7
50,201568,19.8,6.1,2.6,0.3,0.7,0.46,0.9,2.4,30.3,1.5
51,201980,10.3,4.0,1.6,0.7,0.9,0.47,0.83,2.5,27.7,0.9
52,201967,3.0,3.0,0.8,0.2,0.4,0.48,0.67,0.5,14.5,0.3
53,203957,6.9,1.6,2.6,0.1,0.3,0.42,0.8,0.4,15.8,1.2
54,1627863,9.4,3.5,1.0,0.3,0.5,0.46,0.78,1.9,25.1,0.9
55,203967,10.6,5.7,1.6,0.1,0.6,0.44,0.84,1.5,25.0,1.2
56,201954,11.2,3.1,6.0,0.1,1.4,0.47,0.84,1.0,28.2,1.6
57,1628021,6.5,3.2,1.1,0.3,0.7,0.49,0.65,0.5,19.3,0.6
58,202722,8.0,3.5,1.3,0.4,0.5,0.45,0.87,1.9,21.5,0.6
59,201599,11.0,13.1,2.3,1.1,0.6,0.63,0.71,0.0,29.7,2.2
60,1627761,8.4,4.4,2.5,0.5,1.3,0.45,0.65,0.6,23.6,1.7
61,201942,21.2,6.0,6.2,0.5,1.1,0.48,0.84,0.1,34.9,2.6
62,202326,16.3,8.2,3.6,1.5,1.3,0.48,0.73,0.9,25.7,2.4
63,201960,11.1,5.2,1.3,0.1,0.5,0.4,0.75,1.6,25.4,1.1
64,1626153,8.7,3.5,3.3,0.4,1.2,0.43,0.8,0.7,22.6,1.0
65,1627743,3.7,0.5,0.8,0.0,0.3,0.52,1.0,0.3,6.6,0.2
66,203471,15.5,3.6,4.1,0.2,0.8,0.41,0.83,1.6,29.3,2.2
67,202324,11.8,7.3,1.2,1.4,0.7,0.59,0.67,0.2,23.2,1.1
68,1627884,7.0,4.0,0.6,0.7,0.8,0.5,0.6,0.5,19.2,0.7
69,201565,18.0,2.7,4.3,0.2,0.6,0.48,0.87,1.1,27.3,1.6
70,1626164,26.6,4.1,6.8,0.2,0.9,0.47,0.86,2.1,35.0,4.1
71,2734,6.3,1.7,1.8,0.2,0.5,0.37,0.75,0.9,15.7,0.8
72,203473,10.8,7.5,1.4,1.1,1.1,0.49,0.78,1.3,25.1,1.3
73,1627738,4.0,4.0,0.6,0.6,0.3,0.71,0.64,0.0,13.2,0.3
74,203079,12.0,2.7,2.8,0.2,0.7,0.41,0.5,2.5,25.9,1.5
75,1717,7.3,3.1,0.7,0.4,0.2,0.35,0.8,1.3,15.6,0.4
76,1627734,14.1,9.3,2.9,0.4,0.6,0.59,0.72,0.1,24.8,2.2
77,1627827,7.5,4.8,1.2,0.4,0.9,0.43,0.69,1.0,24.5,0.9
78,203926,7.3,1.4,0.9,0.1,0.2,0.49,0.9,1.1,17.4,0.5
79,1627733,5.0,3.9,1.2,0.5,0.4,0.44,0.58,0.5,18.0,0.8
80,203110,7.4,7.3,6.9,1.1,1.4,0.44,0.71,0.7,31.3,2.6
81,2730,12.8,9.3,0.4,0.4,0.8,0.62,0.6,0.0,25.5,1.8
82,203939,10.6,5.3,1.5,0.6,0.6,0.6,0.76,0.5,21.6,0.9
83,2548,15.0,4.0,4.2,0.5,0.8,0.44,0.72,1.2,26.2,2.3
84,202734,11.9,2.4,1.9,0.2,0.8,0.48,0.73,1.4,27.6,1.1
85,202334,5.8,8.6,0.8,0.4,0.4,0.62,0.6,0.0,17.9,0.8
86,203901,10.6,5.3,7.6,0.4,1.0,0.44,0.72,0.8,29.8,2.7
87,1626144,14.8,3.4,3.9,0.3,0.7,0.45,0.75,1.2,27.2,2.4
88,202683,13.7,9.8,1.7,0.4,0.5,0.55,0.79,0.1,24.5,1.8
89,202339,15.9,4.7,5.5,0.4,1.5,0.48,0.77,1.6,29.1,2.1
90,201569,16.2,2.2,1.9,0.4,0.6,0.41,0.82,3.2,31.7,1.3
91,101141,6.8,4.5,0.8,0.3,0.5,0.44,0.82,0.9,18.4,0.7
92,203095,15.1,3.2,3.6,0.1,0.9,0.44,0.81,1.9,31.5,1.9
93,202323,6.8,4.5,3.9,0.2,0.5,0.46,0.67,0.2,22.0,1.6
94,1626163,8.6,3.4,1.3,0.3,0.3,0.46,0.74,1.1,16.1,0.9
95,1627832,11.0,2.6,4.8,0.3,0.9,0.4,0.83,1.8,27.5,1.3
96,202066,7.8,2.9,1.4,0.4,1.0,0.42,0.79,1.2,27.2,0.9
97,203914,12.9,2.8,2.2,0.3,1.0,0.42,0.8,1.4,28.8,1.2
98,1627780,3.7,0.6,1.3,0.3,1.0,0.63,,0.3,5.3,0.3
99,201588,7.6,2.5,2.3,0.1,0.9,0.44,0.86,0.8,21.7,0.9
100,101123,9.2,2.5,0.5,0.4,0.5,0.41,0.89,2.1,20.2,0.8
101,203507,27.7,12.5,5.9,1.5,1.3,0.58,0.73,0.7,32.8,3.7
102,203922,4.2,1.5,0.4,0.2,0.3,0.43,0.78,0.4,13.0,0.4
103,201609,13.7,3.1,4.8,0.1,0.8,0.42,0.79,1.6,27.5,2.0
104,203476,6.4,4.1,0.9,0.5,0.6,0.5,0.86,0.3,13.6,0.8
105,202328,5.3,4.0,0.6,0.2,0.3,0.48,0.59,0.0,11.2,0.7
106,203084,16.4,4.6,1.5,0.2,0.6,0.42,0.83,2.3,32.9,1.3
107,202355,12.3,11.4,0.8,1.9,0.6,0.57,0.44,0.0,23.3,1.3
108,1627740,6.0,3.5,0.8,0.1,0.4,0.42,0.77,0.9,13.6,0.5
109,203546,6.7,1.5,1.6,0.1,0.4,0.39,1.0,1.1,16.2,1.0
110,101133,4.1,3.8,0.7,0.5,0.7,0.45,0.67,0.1,14.6,0.6
111,202697,7.5,2.9,1.8,0.4,1.0,0.38,0.86,1.5,23.9,0.8
112,203477,6.0,1.9,2.8,0.1,0.5,0.38,0.75,1.1,20.9,1.2
113,202738,8.1,1.1,1.9,0.1,0.4,0.34,0.61,1.0,15.1,1.5
114,202397,8.9,2.6,3.6,0.2,0.5,0.43,0.73,0.8,22.3,1.1
115,1627826,8.9,6.1,1.1,0.9,0.2,0.56,0.81,0.0,17.6,1.2
116,200826,10.9,2.5,5.6,0.0,0.6,0.42,0.67,1.0,19.8,1.9
117,200755,18.1,2.5,2.7,0.2,0.4,0.44,0.88,3.2,31.3,1.3
118,2747,6.7,1.6,1.9,0.3,1.0,0.35,0.78,1.1,20.2,1.0
119,203210,9.4,6.3,0.8,0.5,0.7,0.48,0.75,1.1,21.1,1.3
120,201580,12.0,7.5,0.7,2.0,0.6,0.62,0.65,0.0,22.3,1.4
121,203953,14.5,6.5,2.4,0.5,0.7,0.5,0.69,1.0,26.9,2.4
122,203109,11.9,4.9,1.7,0.4,0.8,0.4,0.72,2.2,27.1,1.1
123,1626143,8.2,4.7,0.7,0.7,0.3,0.59,0.67,0.0,15.8,0.9
124,1627774,7.6,3.1,0.7,0.4,0.4,0.5,0.7,0.8,18.7,0.6
125,1627751,5.5,5.3,1.2,0.9,0.4,0.63,0.5,0.0,16.5,0.6
126,2037,7.9,1.3,3.6,0.2,0.5,0.4,0.88,1.0,18.9,1.5
127,1627750,18.2,4.3,4.8,0.4,0.9,0.44,0.83,2.0,32.6,2.1
128,203516,6.7,3.1,0.7,0.4,0.7,0.47,0.71,0.9,21.2,0.6
129,201935,36.1,6.6,7.5,0.7,2.0,0.44,0.88,4.8,36.8,5.0
130,201949,7.8,3.2,2.5,0.5,0.6,0.43,0.69,0.9,21.2,1.3
131,201162,4.9,2.7,1.4,0.3,0.6,0.41,0.62,0.9,20.7,0.7
132,1626185,2.7,1.8,0.4,0.2,0.1,0.4,0.67,0.5,7.8,0.3
133,201160,3.3,2.6,0.7,0.4,0.2,0.37,0.87,0.5,9.5,0.7
134,1627759,13.0,4.3,1.4,0.4,0.9,0.47,0.67,1.3,25.9,1.3
135,201145,12.3,4.0,1.8,0.5,0.6,0.47,0.89,1.4,27.2,1.3
136,201952,12.1,2.5,8.2,0.4,1.0,0.42,0.81,0.8,30.1,2.3
137,203924,13.6,5.2,1.0,1.3,0.8,0.5,0.71,1.4,32.7,0.8
138,203087,15.3,5.5,2.2,0.4,1.1,0.44,0.88,1.5,28.5,1.0
139,1626170,4.2,1.6,2.6,0.1,0.7,0.41,0.57,0.7,15.6,0.9
140,201573,6.1,1.8,3.5,0.1,0.5,0.35,0.62,0.9,19.3,0.9
141,202710,18.7,5.3,4.0,0.6,1.9,0.46,0.86,1.0,33.6,1.5
142,201975,6.4,1.5,1.0,0.1,0.1,0.53,1.0,1.0,13.0,0.3
143,203925,13.7,3.8,2.4,0.2,0.5,0.5,0.78,2.4,30.2,1.6
144,204060,12.1,4.0,5.7,0.2,1.2,0.45,0.73,2.3,31.3,2.4
145,203954,27.5,13.6,3.7,1.9,0.7,0.49,0.81,1.2,33.7,3.5
146,203089,5.6,5.0,1.0,0.8,0.5,0.46,0.57,0.8,13.5,0.9
147,202322,20.7,3.7,8.7,0.9,1.5,0.45,0.69,1.6,34.5,3.8
148,201973,6.3,4.0,1.3,0.2,0.4,0.45,0.82,0.9,16.7,0.6
149,202685,15.6,8.6,1.4,1.1,0.4,0.55,0.79,0.3,22.3,1.8
150,203613,6.5,2.3,2.3,0.3,0.5,0.38,0.76,0.5,19.0,1.2
151,203903,16.8,3.3,2.4,0.2,0.7,0.45,0.83,1.8,27.3,1.7
152,101181,2.3,1.2,2.3,0.1,0.3,0.38,1.0,0.3,12.9,0.7
153,1626196,16.6,3.6,4.1,0.5,1.1,0.41,0.84,2.2,34.8,1.5
154,201950,21.2,5.0,7.7,0.8,1.6,0.47,0.78,1.8,35.8,3.1
155,1627823,5.8,3.8,0.8,0.3,0.4,0.44,0.75,0.9,19.4,0.5
156,203944,21.4,8.7,3.1,0.6,0.7,0.52,0.73,0.9,30.6,2.8
157,1626147,3.7,1.8,0.5,0.3,0.5,0.39,0.71,0.5,9.7,0.5
158,203200,10.5,4.0,1.8,0.4,1.5,0.39,0.92,2.0,31.8,1.3
159,1626159,12.6,5.4,4.3,0.3,1.1,0.43,0.62,1.5,29.7,2.2
160,203994,15.6,10.4,3.2,1.4,1.0,0.5,0.76,0.0,27.4,2.3
161,1626157,24.4,12.4,3.4,1.6,0.9,0.51,0.84,1.8,33.0,3.1
162,203482,10.0,4.7,1.8,0.5,0.7,0.46,0.83,1.4,22.9,1.4
163,1626162,15.2,4.7,1.2,0.9,1.2,0.44,0.77,1.6,28.0,1.5
164,202689,25.6,4.4,5.9,0.4,1.2,0.43,0.84,3.2,34.9,2.6
165,202702,10.4,6.7,0.5,0.6,0.5,0.58,0.63,0.2,19.7,0.9
166,203145,11.6,3.9,2.3,0.6,1.3,0.4,0.73,1.4,24.5,1.8
167,203484,11.4,2.9,1.3,0.2,0.9,0.43,0.89,1.8,24.8,0.8
168,201142,26.0,6.3,5.9,1.1,0.7,0.52,0.88,1.8,34.6,2.9
169,201567,17.0,10.9,2.2,0.2,0.3,0.39,0.9,2.4,27.2,1.9
170,1626172,6.3,5.2,1.5,0.7,0.6,0.63,0.62,0.0,18.5,0.6
171,203114,18.3,5.9,4.3,0.1,1.0,0.44,0.82,2.3,31.1,2.3
172,202691,21.5,3.9,2.4,0.6,1.1,0.47,0.85,3.1,34.0,1.5
173,201585,3.7,4.2,0.9,0.4,0.4,0.47,0.33,0.0,11.9,0.6
174,1627739,11.3,4.1,6.0,0.5,1.5,0.43,0.8,0.7,30.2,2.3
175,203937,8.0,5.8,3.0,0.9,1.3,0.55,0.6,0.2,29.8,1.3
176,2594,8.6,2.3,1.2,0.2,0.4,0.42,0.9,2.0,19.1,0.8
177,200768,14.2,4.8,8.7,0.5,1.4,0.41,0.83,2.4,34.1,2.8
178,203124,3.5,2.6,1.2,0.6,0.2,0.5,0.8,0.0,8.2,0.7
179,202681,23.8,5.0,6.9,0.5,1.5,0.49,0.86,2.6,33.0,2.6
180,200746,21.3,9.2,2.4,1.3,0.5,0.52,0.84,0.1,33.2,1.8
181,202362,7.2,3.2,2.1,0.1,0.6,0.42,0.64,1.1,16.5,1.3
182,202498,4.5,2.6,0.6,0.2,0.4,0.4,0.75,0.5,17.0,0.5
183,204038,8.4,2.1,1.1,0.1,0.5,0.4,0.83,1.7,21.8,0.3
184,1626204,9.4,8.2,3.2,0.6,1.5,0.52,0.7,0.5,26.8,1.4
185,2544,27.4,8.4,8.3,0.6,1.3,0.51,0.67,2.0,35.2,3.6
186,101150,20.0,2.9,5.4,0.1,0.8,0.43,0.88,1.4,26.6,2.4
187,201601,5.0,1.8,0.5,0.3,0.3,0.44,0.38,0.5,15.3,0.5
188,1627781,1.4,0.6,0.0,0.0,0.0,0.31,1.0,0.4,4.7,0.4
189,1627763,15.6,4.5,3.2,0.2,0.7,0.5,0.92,1.6,28.6,1.4
190,1627736,11.3,2.4,1.2,0.1,0.7,0.47,0.87,2.0,23.2,0.7
191,201188,13.6,7.9,4.4,1.1,1.1,0.45,0.75,1.3,30.8,2.0
192,101162,5.0,5.5,1.4,0.5,0.1,0.52,0.7,0.0,16.0,1.1
193,201158,10.5,2.5,1.7,0.1,0.4,0.41,0.87,1.9,23.0,0.9
194,202694,13.9,6.1,1.5,0.3,0.6,0.44,0.83,1.9,27.9,1.2
195,203935,8.9,2.9,4.0,0.4,1.8,0.42,0.81,1.6,27.5,1.5
196,1626209,8.8,4.1,1.5,0.1,1.0,0.41,0.75,0.7,20.8,1.5
197,202693,9.4,4.6,1.4,0.4,0.6,0.42,0.75,1.2,21.9,0.9
198,1627737,4.2,3.3,0.5,0.3,0.4,0.38,0.7,0.4,11.6,0.8
199,101107,10.1,5.4,1.2,0.8,0.9,0.43,0.82,1.9,28.4,0.6
200,203486,7.8,6.4,3.0,0.9,0.8,0.59,0.58,0.0,21.1,1.5
201,203521,5.9,1.6,3.8,0.0,0.3,0.4,0.82,0.9,16.9,1.4
202,203090,7.7,4.5,1.2,0.9,1.1,0.49,0.67,0.6,23.6,0.8
203,203086,5.9,3.8,1.2,0.1,0.2,0.55,0.87,0.8,14.4,0.7
204,201563,7.0,2.3,1.0,0.4,0.3,0.49,0.73,0.1,10.7,1.0
205,203487,4.8,2.5,2.5,0.5,0.7,0.36,0.58,0.4,13.3,0.7
206,203077,6.7,3.9,1.0,0.6,0.5,0.48,0.79,0.3,18.4,0.7
207,201144,21.1,3.4,6.4,0.3,1.3,0.44,0.84,2.2,33.5,1.9
208,203488,7.0,3.8,1.2,0.6,0.3,0.41,0.85,1.4,20.4,0.8
209,203118,5.8,3.4,0.8,0.2,0.3,0.4,0.75,1.3,17.7,0.6
210,203101,4.4,2.2,0.9,0.2,0.3,0.67,0.53,0.0,9.6,0.6
211,1626149,16.6,6.5,2.0,1.3,0.9,0.62,0.64,0.0,26.3,1.6
212,1626167,13.3,7.2,1.6,2.7,0.8,0.49,0.74,1.0,28.6,1.4
213,202357,9.6,5.7,1.9,0.7,0.7,0.48,0.75,1.3,23.2,1.1
214,2403,3.6,2.9,0.6,0.4,0.4,0.5,0.64,0.0,13.0,0.3
215,203457,4.9,4.2,0.6,1.2,0.9,0.58,0.7,0.0,13.7,0.6
216,201156,2.3,0.3,0.5,0.3,0.0,0.35,,0.8,9.3,0.5
217,201587,9.3,5.2,3.3,0.6,0.9,0.45,0.83,1.5,31.4,1.6
218,203917,5.9,1.9,1.2,0.1,0.3,0.4,0.89,1.0,14.9,0.8
219,203999,20.1,10.9,7.3,0.7,1.4,0.51,0.82,1.0,31.3,3.1
220,202703,15.2,7.4,1.2,0.7,0.7,0.44,0.85,2.5,27.1,1.0
221,202696,20.8,12.0,3.8,1.1,1.0,0.52,0.79,1.1,31.4,2.0
222,203943,8.4,7.8,1.9,0.8,0.7,0.46,0.7,0.7,25.3,1.3
223,1626181,8.6,2.4,1.5,0.2,0.7,0.48,0.77,1.1,18.8,1.1
224,201956,6.3,3.2,0.7,0.3,0.6,0.53,0.69,0.4,14.5,0.6
225,203490,13.9,5.6,2.1,0.6,1.5,0.46,0.82,1.9,30.1,1.2
226,200782,7.3,5.9,1.2,0.5,1.6,0.39,0.71,1.8,34.2,0.8
227,1627783,16.9,6.9,3.1,0.7,0.9,0.55,0.79,1.0,31.8,1.9
228,1626192,6.9,4.2,2.0,0.4,0.5,0.47,0.71,1.1,20.7,0.5
229,201976,7.6,5.0,3.8,0.6,0.9,0.41,0.75,1.4,27.4,1.1
230,1627775,2.6,1.6,1.0,0.1,0.8,0.41,0.8,0.3,13.7,0.6
231,202335,3.6,2.4,0.5,0.2,0.3,0.37,0.6,0.7,13.7,0.3
232,201988,9.9,2.2,3.0,0.1,0.6,0.42,0.85,1.9,23.3,1.1
233,2200,3.9,4.5,1.7,0.5,0.2,0.45,0.69,0.2,12.0,0.5
234,202331,28.0,8.2,4.1,0.4,2.2,0.44,0.84,3.8,36.9,2.7
235,200794,12.6,7.2,2.0,0.8,1.2,0.48,0.72,0.8,27.1,1.4
236,203112,1.7,2.5,0.8,0.4,0.1,0.22,0.7,0.2,12.3,0.4
237,1626188,6.9,2.1,1.6,0.0,0.3,0.47,0.75,1.1,14.3,0.7
238,200765,9.2,5.2,8.0,0.2,1.2,0.4,0.62,1.1,29.8,2.8
239,203526,5.3,1.7,2.5,0.1,0.4,0.45,0.89,0.5,12.8,0.9
240,101109,4.3,1.0,1.6,0.2,0.3,0.41,1.0,0.6,11.5,0.4
241,203493,11.3,2.7,2.0,0.2,0.6,0.41,0.92,2.3,29.8,1.0
242,202704,15.4,2.6,4.2,0.1,0.7,0.42,0.86,2.1,27.9,1.8
243,1626158,8.2,4.7,0.9,1.1,0.6,0.62,0.72,0.0,16.9,0.7
244,201937,12.7,3.6,6.1,0.1,1.3,0.4,0.85,1.2,27.9,2.6
245,203496,13.3,5.5,1.3,1.3,2.1,0.44,0.76,2.4,34.4,1.3
246,201577,9.5,3.9,1.2,1.1,0.1,0.57,0.71,0.1,21.7,1.3
247,203918,11.2,2.1,1.8,0.2,0.8,0.44,0.86,1.2,26.3,0.8
248,203585,7.6,3.6,1.7,0.2,0.5,0.4,0.73,1.2,23.5,1.0
249,1627758,0.9,0.8,1.0,0.1,0.4,0.23,0.75,0.1,10.1,0.3
250,1626178,8.9,5.2,1.6,0.5,0.7,0.41,0.65,0.2,20.9,1.2
251,200752,13.7,6.8,2.6,0.5,0.8,0.5,0.81,1.1,26.7,1.7
252,203497,15.9,12.8,2.0,2.3,0.8,0.67,0.64,0.0,31.8,1.6
253,201566,22.9,11.1,10.7,0.5,1.9,0.43,0.66,1.6,36.0,4.5
254,201583,2.5,2.1,0.8,0.0,0.2,0.29,0.83,0.4,12.9,0.6
255,1626257,3.9,3.6,1.0,0.7,0.3,0.48,0.67,0.3,11.1,0.6
256,1626155,6.1,3.1,1.0,0.1,0.8,0.48,0.6,0.4,16.8,0.5
257,201586,15.0,8.1,1.3,1.4,0.4,0.53,0.75,0.7,27.2,1.5
258,203894,9.4,1.8,2.6,0.3,0.7,0.38,0.84,1.4,17.6,1.2
259,2733,4.0,1.9,1.8,0.4,0.5,0.52,0.75,0.0,15.1,0.6
260,202714,7.5,1.8,3.2,0.1,0.8,0.41,0.67,0.8,21.9,1.2
261,1627746,3.0,1.9,0.5,0.3,0.2,0.55,0.5,0.3,8.0,0.5
262,203524,4.3,3.1,1.3,0.2,0.5,0.38,0.71,0.7,20.0,0.7
263,203915,16.8,2.5,4.6,0.3,0.6,0.44,0.81,1.8,28.1,2.2
264,1626169,6.9,3.3,1.3,0.2,0.9,0.39,0.8,0.9,18.3,1.2
265,201939,27.3,5.4,5.2,0.4,1.3,0.47,0.9,5.1,33.8,2.8
266,203500,13.9,9.5,1.6,1.0,1.5,0.59,0.49,0.0,33.4,1.7
267,204456,6.4,2.3,3.4,0.2,1.0,0.53,0.8,0.2,19.3,1.2
268,203933,18.0,4.0,1.5,0.7,1.2,0.49,0.79,1.8,31.6,1.2
269,201959,10.8,6.6,1.2,0.6,0.8,0.56,0.76,0.2,24.1,1.0
270,1627752,13.5,3.6,2.1,0.3,1.0,0.44,0.81,2.2,28.2,1.8
271,203082,15.1,3.4,1.7,0.4,0.9,0.43,0.89,2.7,26.5,1.1
272,1626179,9.0,3.9,2.9,0.3,0.9,0.39,0.75,1.5,22.7,0.9
273,200757,3.8,2.5,0.5,0.1,0.9,0.47,0.75,0.7,12.2,0.5
274,201152,12.6,6.5,2.5,0.4,1.5,0.53,0.65,0.6,30.7,1.5
275,1627748,5.0,3.1,0.7,0.8,0.3,0.4,0.69,0.8,15.2,0.5
276,204025,5.3,2.9,4.2,0.1,0.5,0.45,0.78,0.6,19.0,1.3
277,203501,18.1,3.4,2.4,0.1,0.8,0.39,0.86,2.5,31.6,1.6
278,1627789,4.6,1.9,0.5,0.2,0.4,0.36,0.75,0.7,13.4,0.4
279,202699,20.0,7.8,2.8,0.5,0.6,0.49,0.86,1.9,34.7,1.8
280,203107,8.9,3.5,5.0,0.2,1.0,0.48,0.8,0.8,27.0,1.5
281,2225,9.5,1.5,3.7,0.1,0.4,0.46,0.73,0.2,17.9,1.3
282,203503,6.0,2.1,0.9,0.2,0.4,0.45,0.83,1.1,17.6,0.3
283,1626203,5.3,3.1,1.0,0.2,0.4,0.33,0.83,1.1,20.4,0.5
284,2772,12.5,5.4,3.7,0.3,1.3,0.4,0.79,2.1,34.0,1.5
285,203504,10.9,1.7,2.7,0.1,0.6,0.44,0.86,1.0,19.4,0.8
286,1626168,8.5,3.9,1.4,0.4,0.5,0.42,0.72,0.8,17.5,1.1
287,202684,10.9,10.2,2.0,0.4,0.7,0.53,0.64,0.0,27.9,1.4
288,203584,6.2,1.5,0.5,0.1,0.5,0.41,0.8,1.5,14.9,0.5
289,1627786,5.3,2.8,0.5,0.4,0.5,0.45,0.57,0.7,14.9,0.4
290,204020,10.9,3.0,2.9,0.5,0.9,0.41,0.77,1.6,26.8,1.4
291,1627755,0.0,0.0,0.0,0.0,0.0,,,0.0,0.8,0.0
292,203092,7.7,4.0,0.7,0.5,0.2,0.54,0.77,0.0,15.5,0.7
293,201936,10.2,2.9,2.4,0.3,0.8,0.39,0.74,1.1,20.3,1.7
294,2199,3.1,5.6,0.7,0.4,0.4,0.61,0.56,0.0,15.9,0.8
295,1626145,6.9,1.9,4.8,0.1,1.2,0.41,0.9,0.6,22.9,0.7
296,203506,18.8,5.6,5.2,0.3,1.7,0.42,0.74,2.1,31.9,2.3
297,1713,7.4,2.5,1.1,0.4,0.6,0.42,0.67,1.6,17.5,0.6
298,201961,10.3,2.1,1.4,0.1,1.0,0.41,0.78,2.6,24.5,0.8
299,1627782,6.9,2.4,1.5,0.2,0.4,0.41,0.75,0.7,19.2,1.1
300,202325,3.4,1.9,0.6,0.3,0.4,0.35,0.6,0.7,14.1,0.5
301,202083,12.2,2.5,2.3,0.2,0.8,0.4,0.79,2.2,30.3,1.3
302,203115,11.5,4.6,2.9,0.5,0.4,0.4,0.76,1.6,27.7,1.5
303,1626161,11.9,8.3,2.4,0.6,1.2,0.56,0.55,0.0,27.3,1.0
304,1626195,7.3,5.3,1.0,0.3,0.3,0.51,0.68,0.3,14.0,1.0
305,201163,6.0,4.2,1.6,0.4,0.5,0.41,0.8,1.2,23.1,0.9
306,1627812,5.9,1.6,1.9,0.1,0.5,0.44,0.89,0.8,15.0,0.6
307,203897,23.7,4.6,4.5,0.4,1.0,0.47,0.83,1.9,34.5,3.4
308,2585,3.9,3.9,1.3,0.3,0.5,0.46,0.78,0.0,12.9,0.8
