,player_name,player_id,season_id,pts,min,fgm,fga,fg3m,fg3a,ftm,fta,oreb,dreb,ast,stl,tov,blk,fg%,ft%,reb
0,Aaron Gordon,203932,2018-19,16.0,33.8,6.0,13.4,1.6,4.4,2.4,3.2,1.7,5.7,3.7,0.7,2.1,0.7,0.45,0.75,7.4
1,Al Horford,201143,2018-19,13.6,29.0,5.7,10.6,1.1,3.0,1.1,1.4,1.8,5.0,4.2,0.9,1.5,1.3,0.54,0.79,6.8
2,Al-Farouq Aminu,202329,2018-19,9.4,28.3,3.2,7.3,1.2,3.5,1.9,2.1,1.4,6.1,1.3,0.8,0.9,0.4,0.44,0.9,7.5
3,Alec Burks,202692,2018-19,8.8,21.5,3.0,7.4,1.0,2.6,1.8,2.2,0.5,3.2,2.0,0.6,1.0,0.3,0.41,0.82,3.7
4,Alex Abrines,203518,2018-19,5.3,19.0,1.8,5.1,1.3,4.1,0.4,0.4,0.2,1.4,0.6,0.5,0.5,0.2,0.35,1.0,1.6
5,Alex Len,203458,2018-19,11.1,20.1,4.2,8.4,1.0,2.6,1.8,2.8,2.1,3.5,1.1,0.4,1.3,0.9,0.5,0.64,5.6
6,Alex Poythress,1627816,2018-19,5.1,14.5,1.9,3.9,0.4,1.1,0.9,1.4,1.4,2.2,0.8,0.2,0.6,0.5,0.49,0.64,3.6
7,Allen Crabbe,203459,2018-19,9.6,26.4,3.2,8.7,2.3,6.0,1.0,1.3,0.4,3.1,1.1,0.5,1.1,0.3,0.37,0.77,3.5
8,Amir Johnson,101161,2018-19,3.9,10.4,1.5,3.1,0.2,0.8,0.6,0.8,0.9,2.0,1.2,0.3,0.9,0.3,0.48,0.75,2.9
9,Andre Drummond,203083,2018-19,17.3,33.5,7.1,13.3,0.1,0.5,3.1,5.2,5.4,10.2,1.4,1.7,2.2,1.7,0.53,0.6,15.6
10,Andre Iguodala,2738,2018-19,5.7,23.2,2.2,4.4,0.7,2.1,0.6,1.0,0.7,3.0,3.2,0.9,0.8,0.8,0.5,0.6,3.7
11,Andrew Bogut,101106,2018-19,3.5,12.2,1.6,3.3,0.0,0.0,0.3,0.3,1.1,3.9,1.0,0.3,0.7,0.7,0.48,1.0,5.0
12,Andrew Harrison,1626150,2018-19,3.2,10.9,0.9,3.1,0.3,1.5,1.0,1.1,0.4,0.8,1.4,0.2,0.7,0.1,0.29,0.91,1.2
13,Andrew Wiggins,203952,2018-19,18.1,34.8,6.8,16.6,1.6,4.8,2.8,4.1,1.1,3.7,2.5,1.0,1.9,0.7,0.41,0.68,4.8
14,Anthony Davis,203076,2018-19,25.9,33.0,9.5,18.3,0.9,2.6,6.1,7.7,3.1,8.9,3.9,1.6,2.0,2.4,0.52,0.79,12.0
15,Anthony Tolliver,201229,2018-19,5.0,16.6,1.5,4.0,1.2,3.3,0.7,0.9,0.2,2.5,0.7,0.3,0.6,0.3,0.38,0.78,2.7
16,Aron Baynes,203382,2018-19,5.6,16.1,2.1,4.4,0.4,1.2,1.0,1.2,1.7,3.0,1.1,0.2,0.8,0.7,0.48,0.83,4.7
17,Austin Rivers,203085,2018-19,8.1,26.7,3.1,7.5,1.4,4.3,0.7,1.3,0.3,1.8,2.2,0.6,0.9,0.3,0.41,0.54,2.1
18,Avery Bradley,202340,2018-19,9.9,30.2,3.9,9.7,1.4,3.9,0.7,0.8,0.7,2.1,2.4,0.7,1.4,0.3,0.4,0.87,2.8
19,Ben McLemore,203463,2018-19,3.9,8.3,1.3,3.4,0.9,2.2,0.4,0.6,0.2,0.7,0.2,0.3,0.3,0.2,0.38,0.67,0.9
20,Bismack Biyombo,202687,2018-19,4.4,14.5,1.6,2.9,0.0,0.0,1.1,1.7,1.5,3.1,0.6,0.2,0.6,0.8,0.55,0.65,4.6
21,Blake Griffin,201933,2018-19,24.5,35.0,8.3,17.9,2.5,7.0,5.5,7.3,1.3,6.2,5.4,0.7,3.4,0.4,0.46,0.75,7.5
22,Boban Marjanovic,1626246,2018-19,7.3,11.7,2.8,4.5,0.1,0.2,1.7,2.3,1.5,3.1,0.9,0.3,1.0,0.5,0.62,0.74,4.6
23,Bobby Portis,1626171,2018-19,14.2,26.0,5.6,12.6,1.5,3.8,1.5,1.9,2.2,5.9,1.4,0.7,1.5,0.4,0.44,0.79,8.1
24,Bojan Bogdanovic,202711,2018-19,18.0,31.8,6.4,13.0,2.0,4.8,3.0,3.8,0.4,3.7,2.0,0.9,1.7,0.0,0.49,0.79,4.1
25,Bradley Beal,203078,2018-19,25.6,36.9,9.3,19.6,2.5,7.3,4.4,5.5,1.1,3.9,5.5,1.5,2.7,0.7,0.47,0.8,5.0
26,Brandon Ingram,1627742,2018-19,18.3,33.9,7.0,14.0,0.6,1.8,3.8,5.6,0.8,4.3,3.0,0.5,2.5,0.6,0.5,0.68,5.1
27,Brook Lopez,201572,2018-19,12.5,28.7,4.4,9.7,2.3,6.3,1.4,1.6,0.4,4.5,1.2,0.6,1.0,2.2,0.45,0.87,4.9
28,Bruno Caboclo,203998,2018-19,8.3,23.5,2.8,6.6,1.4,3.8,1.2,1.5,1.2,3.4,1.5,0.4,1.1,1.0,0.42,0.8,4.6
29,Bryn Forbes,1627854,2018-19,11.8,28.0,4.4,9.6,2.1,5.0,0.8,1.0,0.2,2.7,2.1,0.5,1.0,0.0,0.46,0.8,2.9
30,Buddy Hield,1627741,2018-19,20.7,31.9,7.6,16.6,3.4,7.9,2.1,2.4,1.3,3.7,2.5,0.7,1.8,0.4,0.46,0.88,5.0
31,CJ McCollum,203468,2018-19,21.0,33.9,8.2,17.8,2.4,6.4,2.3,2.7,0.9,3.1,3.0,0.8,1.5,0.4,0.46,0.85,4.0
32,CJ Miles,101139,2018-19,6.4,16.2,2.1,5.9,1.3,3.8,0.9,1.1,0.2,1.5,0.7,0.5,0.6,0.3,0.36,0.82,1.7
33,Cameron Payne,1626166,2018-19,6.3,17.8,2.4,5.6,0.6,2.1,0.8,1.0,0.3,1.5,2.7,0.7,1.1,0.2,0.43,0.8,1.8
34,Caris LeVert,1627747,2018-19,13.7,26.6,5.2,12.1,1.2,3.9,2.1,3.1,0.9,2.9,3.9,1.1,1.7,0.4,0.43,0.68,3.8
35,Carmelo Anthony,2546,2018-19,13.4,29.4,4.9,12.1,2.1,6.4,1.5,2.2,0.9,4.5,0.5,0.4,0.8,0.7,0.4,0.68,5.4
36,Chandler Parsons,202718,2018-19,7.5,19.8,2.7,7.3,1.2,3.8,0.9,1.0,0.2,2.6,1.7,0.8,1.3,0.2,0.37,0.9,2.8
37,Channing Frye,101112,2018-19,3.6,9.5,1.2,3.3,0.9,2.2,0.3,0.4,0.1,1.3,0.6,0.2,0.4,0.1,0.36,0.75,1.4
38,Cheick Diallo,1627767,2018-19,6.0,14.0,2.6,4.2,0.0,0.1,0.8,1.0,1.2,4.0,0.5,0.5,0.8,0.5,0.62,0.8,5.2
39,Chris Paul,101108,2018-19,15.6,32.0,5.2,12.4,2.2,6.1,3.0,3.5,0.6,3.9,8.2,2.0,2.6,0.3,0.42,0.86,4.5
40,Clint Capela,203991,2018-19,16.6,33.6,7.1,10.9,0.0,0.0,2.5,3.9,4.4,8.2,1.4,0.7,1.4,1.5,0.65,0.64,12.6
41,Cody Zeller,203469,2018-19,10.1,25.4,3.9,7.0,0.1,0.4,2.3,2.9,2.2,4.6,2.1,0.8,1.3,0.8,0.56,0.79,6.8
42,Corey Brewer,201147,2018-19,4.9,15.9,1.7,4.0,0.5,1.4,1.0,1.4,0.8,1.6,1.3,1.0,0.6,0.2,0.42,0.71,2.4
43,Cory Joseph,202709,2018-19,6.5,25.2,2.8,6.7,0.7,2.1,0.4,0.5,0.5,2.9,3.9,1.1,1.0,0.3,0.42,0.8,3.4
44,Courtney Lee,201584,2018-19,4.0,12.6,1.6,3.8,0.5,1.6,0.4,0.6,0.3,1.3,1.1,0.6,0.4,0.1,0.42,0.67,1.6
45,Cristiano Felicio,1626245,2018-19,4.0,12.4,1.6,3.0,0.0,0.1,0.8,1.2,1.3,2.3,0.6,0.2,0.6,0.1,0.53,0.67,3.6
46,D'Angelo Russell,1626156,2018-19,21.1,30.2,8.1,18.7,2.9,7.8,2.0,2.5,0.7,3.2,7.0,1.2,3.1,0.2,0.43,0.8,3.9
47,D.J. Augustin,201571,2018-19,11.7,28.0,3.9,8.4,1.6,3.8,2.2,2.6,0.5,2.0,5.3,0.6,1.6,0.0,0.46,0.85,2.5
48,Damian Jones,1627745,2018-19,5.4,17.1,2.2,3.1,0.0,0.0,1.0,1.5,1.3,1.8,1.2,0.5,0.7,1.0,0.71,0.67,3.1
49,Damian Lillard,203081,2018-19,25.8,35.5,8.5,19.2,3.0,8.0,5.9,6.4,0.9,3.8,6.9,1.1,2.7,0.4,0.44,0.92,4.7
50,Danilo Gallinari,201568,2018-19,19.8,30.3,6.0,13.0,2.4,5.5,5.4,6.0,0.8,5.3,2.6,0.7,1.5,0.3,0.46,0.9,6.1
51,Danny Green,201980,2018-19,10.3,27.7,3.7,7.9,2.5,5.4,0.5,0.6,0.8,3.2,1.6,0.9,0.9,0.7,0.47,0.83,4.0
52,Dante Cunningham,201967,2018-19,3.0,14.5,1.2,2.5,0.5,1.0,0.2,0.3,0.8,2.2,0.8,0.4,0.3,0.2,0.48,0.67,3.0
53,Dante Exum,203957,2018-19,6.9,15.8,2.4,5.7,0.4,1.5,1.6,2.0,0.4,1.2,2.6,0.3,1.2,0.1,0.42,0.8,1.6
54,Danuel House,1627863,2018-19,9.4,25.1,3.0,6.5,1.9,4.6,1.4,1.8,0.6,2.9,1.0,0.5,0.9,0.3,0.46,0.78,3.5
55,Dario Saric,203967,2018-19,10.6,25.0,3.8,8.6,1.5,4.0,1.6,1.9,1.6,4.1,1.6,0.6,1.2,0.1,0.44,0.84,5.7
56,Darren Collison,201954,2018-19,11.2,28.2,4.1,8.7,1.0,2.6,2.1,2.5,0.5,2.6,6.0,1.4,1.6,0.1,0.47,0.84,3.1
57,David Nwaba,1628021,2018-19,6.5,19.3,2.5,5.1,0.5,1.5,1.1,1.7,0.8,2.4,1.1,0.7,0.6,0.3,0.49,0.65,3.2
58,Davis Bertans,202722,2018-19,8.0,21.5,2.7,6.0,1.9,4.4,0.7,0.8,0.3,3.2,1.3,0.5,0.6,0.4,0.45,0.87,3.5
59,DeAndre Jordan,201599,2018-19,11.0,29.7,4.1,6.5,0.0,0.0,2.7,3.8,3.3,9.8,2.3,0.6,2.2,1.1,0.63,0.71,13.1
60,DeAndre' Bembry,1627761,2018-19,8.4,23.6,3.4,7.5,0.6,2.1,1.1,1.7,0.7,3.7,2.5,1.3,1.7,0.5,0.45,0.65,4.4
61,DeMar DeRozan,201942,2018-19,21.2,34.9,8.2,17.1,0.1,0.6,4.8,5.7,0.7,5.3,6.2,1.1,2.6,0.5,0.48,0.84,6.0
62,DeMarcus Cousins,202326,2018-19,16.3,25.7,5.9,12.4,0.9,3.2,3.5,4.8,1.4,6.8,3.6,1.3,2.4,1.5,0.48,0.73,8.2
63,DeMarre Carroll,201960,2018-19,11.1,25.4,3.4,8.6,1.6,4.6,2.7,3.6,1.0,4.2,1.3,0.5,1.1,0.1,0.4,0.75,5.2
64,Delon Wright,1626153,2018-19,8.7,22.6,3.2,7.4,0.7,2.2,1.6,2.0,0.9,2.6,3.3,1.2,1.0,0.4,0.43,0.8,3.5
65,Demetrius Jackson,1627743,2018-19,3.7,6.6,1.3,2.5,0.3,1.0,0.7,0.7,0.3,0.2,0.8,0.3,0.2,0.0,0.52,1.0,0.5
66,Dennis Schroder,203471,2018-19,15.5,29.3,5.8,14.0,1.6,4.6,2.4,2.9,0.5,3.1,4.1,0.8,2.2,0.2,0.41,0.83,3.6
67,Derrick Favors,202324,2018-19,11.8,23.2,4.8,8.1,0.2,1.0,2.0,3.0,2.7,4.6,1.2,0.7,1.1,1.4,0.59,0.67,7.3
68,Derrick Jones Jr.,1627884,2018-19,7.0,19.2,2.7,5.4,0.5,1.5,1.2,2.0,1.6,2.4,0.6,0.8,0.7,0.7,0.5,0.6,4.0
69,Derrick Rose,201565,2018-19,18.0,27.3,7.1,14.8,1.1,2.9,2.7,3.1,0.6,2.1,4.3,0.6,1.6,0.2,0.48,0.87,2.7
70,Devin Booker,1626164,2018-19,26.6,35.0,9.2,19.6,2.1,6.5,6.1,7.1,0.6,3.5,6.8,0.9,4.1,0.2,0.47,0.86,4.1
71,Devin Harris,2734,2018-19,6.3,15.7,1.9,5.1,0.9,2.9,1.5,2.0,0.2,1.5,1.8,0.5,0.8,0.2,0.37,0.75,1.7
72,Dewayne Dedmon,203473,2018-19,10.8,25.1,4.0,8.2,1.3,3.4,1.4,1.8,1.6,5.9,1.4,1.1,1.3,1.1,0.49,0.78,7.5
73,Deyonta Davis,1627738,2018-19,4.0,13.2,1.7,2.4,0.0,0.1,0.7,1.1,1.1,2.9,0.6,0.3,0.3,0.6,0.71,0.64,4.0
74,Dion Waiters,203079,2018-19,12.0,25.9,4.5,10.9,2.5,6.6,0.5,1.0,0.2,2.5,2.8,0.7,1.5,0.2,0.41,0.5,2.7
75,Dirk Nowitzki,1717,2018-19,7.3,15.6,2.6,7.4,1.3,4.0,0.8,1.0,0.1,3.0,0.7,0.2,0.4,0.4,0.35,0.8,3.1
76,Domantas Sabonis,1627734,2018-19,14.1,24.8,5.6,9.5,0.1,0.2,2.8,3.9,2.5,6.8,2.9,0.6,2.2,0.4,0.59,0.72,9.3
77,Dorian Finney-Smith,1627827,2018-19,7.5,24.5,2.8,6.5,1.0,3.1,0.9,1.3,1.7,3.1,1.2,0.9,0.9,0.4,0.43,0.69,4.8
78,Doug McDermott,203926,2018-19,7.3,17.4,2.7,5.5,1.1,2.7,0.9,1.0,0.2,1.2,0.9,0.2,0.5,0.1,0.49,0.9,1.4
79,Dragan Bender,1627733,2018-19,5.0,18.0,1.9,4.3,0.5,2.2,0.7,1.2,0.7,3.2,1.2,0.4,0.8,0.5,0.44,0.58,3.9
80,Draymond Green,203110,2018-19,7.4,31.3,2.8,6.4,0.7,2.5,1.0,1.4,0.9,6.4,6.9,1.4,2.6,1.1,0.44,0.71,7.3
81,Dwight Howard,2730,2018-19,12.8,25.5,4.8,7.7,0.0,0.0,3.2,5.3,2.7,6.6,0.4,0.8,1.8,0.4,0.62,0.6,9.3
82,Dwight Powell,203939,2018-19,10.6,21.6,3.8,6.3,0.5,1.6,2.5,3.3,1.8,3.5,1.5,0.6,0.9,0.6,0.6,0.76,5.3
83,Dwyane Wade,2548,2018-19,15.0,26.2,5.8,13.3,1.2,3.6,2.3,3.2,1.0,3.0,4.2,0.8,2.3,0.5,0.44,0.72,4.0
84,E'Twaun Moore,202734,2018-19,11.9,27.6,4.8,10.0,1.4,3.3,0.8,1.1,0.7,1.7,1.9,0.8,1.1,0.2,0.48,0.73,2.4
85,Ed Davis,202334,2018-19,5.8,17.9,2.3,3.7,0.0,0.0,1.2,2.0,2.7,5.9,0.8,0.4,0.8,0.4,0.62,0.6,8.6
86,Elfrid Payton,203901,2018-19,10.6,29.8,4.3,9.8,0.8,2.5,1.3,1.8,1.2,4.1,7.6,1.0,2.7,0.4,0.44,0.72,5.3
87,Emmanuel Mudiay,1626144,2018-19,14.8,27.2,5.6,12.5,1.2,3.6,2.4,3.2,0.6,2.8,3.9,0.7,2.4,0.3,0.45,0.75,3.4
88,Enes Kanter,202683,2018-19,13.7,24.5,5.6,10.2,0.1,0.5,2.3,2.9,3.8,6.0,1.7,0.5,1.8,0.4,0.55,0.79,9.8
89,Eric Bledsoe,202339,2018-19,15.9,29.1,6.0,12.4,1.6,4.8,2.3,3.0,1.1,3.6,5.5,1.5,2.1,0.4,0.48,0.77,4.7
90,Eric Gordon,201569,2018-19,16.2,31.7,5.6,13.8,3.2,8.8,1.8,2.2,0.3,1.9,1.9,0.6,1.3,0.4,0.41,0.82,2.2
91,Ersan Ilyasova,101141,2018-19,6.8,18.4,2.5,5.7,0.9,2.4,0.9,1.1,1.4,3.1,0.8,0.5,0.7,0.3,0.44,0.82,4.5
92,Evan Fournier,203095,2018-19,15.1,31.5,5.8,13.2,1.9,5.6,1.7,2.1,0.5,2.7,3.6,0.9,1.9,0.1,0.44,0.81,3.2
93,Evan Turner,202323,2018-19,6.8,22.0,2.8,6.1,0.2,0.7,1.0,1.5,0.5,4.0,3.9,0.5,1.6,0.2,0.46,0.67,4.5
94,Frank Kaminsky,1626163,2018-19,8.6,16.1,2.9,6.3,1.1,3.0,1.7,2.3,0.8,2.6,1.3,0.3,0.9,0.3,0.46,0.74,3.4
95,Fred VanVleet,1627832,2018-19,11.0,27.5,3.8,9.4,1.8,4.6,1.5,1.8,0.3,2.3,4.8,0.9,1.3,0.3,0.4,0.83,2.6
96,Garrett Temple,202066,2018-19,7.8,27.2,2.8,6.6,1.2,3.5,1.1,1.4,0.4,2.5,1.4,1.0,0.9,0.4,0.42,0.79,2.9
97,Gary Harris,203914,2018-19,12.9,28.8,4.7,11.2,1.4,4.2,2.0,2.5,0.7,2.1,2.2,1.0,1.2,0.3,0.42,0.8,2.8
98,Gary Payton II,1627780,2018-19,3.7,5.3,1.7,2.7,0.3,0.7,0.0,0.0,0.3,0.3,1.3,1.0,0.3,0.3,0.63,,0.6
99,George Hill,201588,2018-19,7.6,21.7,2.8,6.3,0.8,2.6,1.2,1.4,0.7,1.8,2.3,0.9,0.9,0.1,0.44,0.86,2.5
100,Gerald Green,101123,2018-19,9.2,20.2,3.2,7.9,2.1,6.0,0.8,0.9,0.4,2.1,0.5,0.5,0.8,0.4,0.41,0.89,2.5
101,Giannis Antetokounmpo,203507,2018-19,27.7,32.8,10.0,17.3,0.7,2.8,6.9,9.5,2.2,10.3,5.9,1.3,3.7,1.5,0.58,0.73,12.5
102,Glenn Robinson III,203922,2018-19,4.2,13.0,1.6,3.7,0.4,1.3,0.7,0.9,0.4,1.1,0.4,0.3,0.4,0.2,0.43,0.78,1.5
103,Goran Dragic,201609,2018-19,13.7,27.5,5.0,12.0,1.6,4.6,2.2,2.8,0.6,2.5,4.8,0.8,2.0,0.1,0.42,0.79,3.1
104,Gorgui Dieng,203476,2018-19,6.4,13.6,2.5,5.0,0.3,0.7,1.2,1.4,1.1,3.0,0.9,0.6,0.8,0.5,0.5,0.86,4.1
105,Greg Monroe,202328,2018-19,5.3,11.2,2.1,4.4,0.0,0.1,1.0,1.7,1.6,2.4,0.6,0.3,0.7,0.2,0.48,0.59,4.0
106,Harrison Barnes,203084,2018-19,16.4,32.9,5.6,13.3,2.3,5.7,3.0,3.6,0.7,3.9,1.5,0.6,1.3,0.2,0.42,0.83,4.6
107,Hassan Whiteside,202355,2018-19,12.3,23.3,5.4,9.4,0.0,0.2,1.5,3.4,3.6,7.8,0.8,0.6,1.3,1.9,0.57,0.44,11.4
108,Henry Ellenson,1627740,2018-19,6.0,13.6,2.1,5.0,0.9,2.0,1.0,1.3,0.3,3.2,0.8,0.4,0.5,0.1,0.42,0.77,3.5
109,Ian Clark,203546,2018-19,6.7,16.2,2.5,6.4,1.1,3.4,0.6,0.6,0.2,1.3,1.6,0.4,1.0,0.1,0.39,1.0,1.5
110,Ian Mahinmi,101133,2018-19,4.1,14.6,1.4,3.1,0.1,0.5,1.2,1.8,1.4,2.4,0.7,0.7,0.6,0.5,0.45,0.67,3.8
111,Iman Shumpert,202697,2018-19,7.5,23.9,2.7,7.2,1.5,4.4,0.6,0.7,0.4,2.5,1.8,1.0,0.8,0.4,0.38,0.86,2.9
112,Isaiah Canaan,203477,2018-19,6.0,20.9,2.1,5.5,1.1,3.2,0.6,0.8,0.2,1.7,2.8,0.5,1.2,0.1,0.38,0.75,1.9
113,Isaiah Thomas,202738,2018-19,8.1,15.1,2.8,8.3,1.0,3.6,1.4,2.3,0.4,0.7,1.9,0.4,1.5,0.1,0.34,0.61,1.1
114,Ish Smith,202397,2018-19,8.9,22.3,3.7,8.7,0.8,2.4,0.8,1.1,0.4,2.2,3.6,0.5,1.1,0.2,0.43,0.73,2.6
115,Ivica Zubac,1627826,2018-19,8.9,17.6,3.6,6.4,0.0,0.0,1.7,2.1,1.9,4.2,1.1,0.2,1.2,0.9,0.56,0.81,6.1
116,J.J. Barea,200826,2018-19,10.9,19.8,4.2,10.1,1.0,3.4,1.4,2.1,0.3,2.2,5.6,0.6,1.9,0.0,0.42,0.67,2.5
117,JJ Redick,200755,2018-19,18.1,31.3,5.9,13.5,3.2,8.0,3.0,3.4,0.3,2.2,2.7,0.4,1.3,0.2,0.44,0.88,2.5
118,JR Smith,2747,2018-19,6.7,20.2,2.5,7.2,1.1,3.5,0.7,0.9,0.0,1.6,1.9,1.0,1.0,0.3,0.35,0.78,1.6
119,JaMychal Green,203210,2018-19,9.4,21.1,3.5,7.3,1.1,2.7,1.2,1.6,1.6,4.7,0.8,0.7,1.3,0.5,0.48,0.75,6.3
120,JaVale McGee,201580,2018-19,12.0,22.3,5.3,8.5,0.0,0.2,1.3,2.0,2.6,4.9,0.7,0.6,1.4,2.0,0.62,0.65,7.5
121,Jabari Parker,203953,2018-19,14.5,26.9,5.8,11.7,1.0,3.0,2.0,2.9,1.2,5.3,2.4,0.7,2.4,0.5,0.5,0.69,6.5
122,Jae Crowder,203109,2018-19,11.9,27.1,4.0,10.0,2.2,6.5,1.8,2.5,0.8,4.1,1.7,0.8,1.1,0.4,0.4,0.72,4.9
123,Jahlil Okafor,1626143,2018-19,8.2,15.8,3.6,6.1,0.0,0.1,1.0,1.5,1.4,3.3,0.7,0.3,0.9,0.7,0.59,0.67,4.7
124,Jake Layman,1627774,2018-19,7.6,18.7,3.0,6.0,0.8,2.5,0.7,1.0,0.8,2.3,0.7,0.4,0.6,0.4,0.5,0.7,3.1
125,Jakob Poeltl,1627751,2018-19,5.5,16.5,2.4,3.8,0.0,0.0,0.6,1.2,2.3,3.0,1.2,0.4,0.6,0.9,0.63,0.5,5.3
126,Jamal Crawford,2037,2018-19,7.9,18.9,2.7,6.8,1.0,3.2,1.5,1.7,0.1,1.2,3.6,0.5,1.5,0.2,0.4,0.88,1.3
127,Jamal Murray,1627750,2018-19,18.2,32.6,6.8,15.6,2.0,5.5,2.5,3.0,0.9,3.4,4.8,0.9,2.1,0.4,0.44,0.83,4.3
128,James Ennis III,203516,2018-19,6.7,21.2,2.4,5.1,0.9,2.7,1.0,1.4,1.0,2.1,0.7,0.7,0.6,0.4,0.47,0.71,3.1
129,James Harden,201935,2018-19,36.1,36.8,10.8,24.5,4.8,13.2,9.7,11.0,0.8,5.8,7.5,2.0,5.0,0.7,0.44,0.88,6.6
130,James Johnson,201949,2018-19,7.8,21.2,3.0,6.9,0.9,2.7,0.9,1.3,0.4,2.8,2.5,0.6,1.3,0.5,0.43,0.69,3.2
131,Jared Dudley,201162,2018-19,4.9,20.7,1.7,4.1,0.9,2.6,0.5,0.8,0.6,2.1,1.4,0.6,0.7,0.3,0.41,0.62,2.7
132,Jarell Martin,1626185,2018-19,2.7,7.8,1.0,2.5,0.5,1.4,0.2,0.3,0.3,1.5,0.4,0.1,0.3,0.2,0.4,0.67,1.8
133,Jason Smith,201160,2018-19,3.3,9.5,1.1,3.0,0.5,1.3,0.7,0.8,0.8,1.8,0.7,0.2,0.7,0.4,0.37,0.87,2.6
134,Jaylen Brown,1627759,2018-19,13.0,25.9,5.0,10.7,1.3,3.7,1.8,2.7,0.9,3.4,1.4,0.9,1.3,0.4,0.47,0.67,4.3
135,Jeff Green,201145,2018-19,12.3,27.2,4.2,8.9,1.4,4.2,2.4,2.7,0.7,3.3,1.8,0.6,1.3,0.5,0.47,0.89,4.0
136,Jeff Teague,201952,2018-19,12.1,30.1,4.2,9.9,0.8,2.5,2.9,3.6,0.4,2.1,8.2,1.0,2.3,0.4,0.42,0.81,2.5
137,Jerami Grant,203924,2018-19,13.6,32.7,5.1,10.3,1.4,3.7,2.0,2.8,1.2,4.0,1.0,0.8,0.8,1.3,0.5,0.71,5.2
138,Jeremy Lamb,203087,2018-19,15.3,28.5,5.5,12.4,1.5,4.2,2.9,3.3,0.8,4.7,2.2,1.1,1.0,0.4,0.44,0.88,5.5
139,Jerian Grant,1626170,2018-19,4.2,15.6,1.5,3.7,0.7,1.8,0.4,0.7,0.3,1.3,2.6,0.7,0.9,0.1,0.41,0.57,1.6
140,Jerryd Bayless,201573,2018-19,6.1,19.3,2.4,6.8,0.9,2.9,0.5,0.8,0.3,1.5,3.5,0.5,0.9,0.1,0.35,0.62,1.8
141,Jimmy Butler,202710,2018-19,18.7,33.6,6.4,13.9,1.0,3.0,4.8,5.6,1.9,3.4,4.0,1.9,1.5,0.6,0.46,0.86,5.3
142,Jodie Meeks,201975,2018-19,6.4,13.0,2.6,4.9,1.0,2.3,0.1,0.1,0.1,1.4,1.0,0.1,0.3,0.1,0.53,1.0,1.5
143,Joe Harris,203925,2018-19,13.7,30.2,4.9,9.8,2.4,5.1,1.4,1.8,0.7,3.1,2.4,0.5,1.6,0.2,0.5,0.78,3.8
144,Joe Ingles,204060,2018-19,12.1,31.3,4.4,9.8,2.3,5.9,1.1,1.5,0.4,3.6,5.7,1.2,2.4,0.2,0.45,0.73,4.0
145,Joel Embiid,203954,2018-19,27.5,33.7,9.1,18.7,1.2,4.1,8.2,10.1,2.5,11.1,3.7,0.7,3.5,1.9,0.49,0.81,13.6
146,John Henson,203089,2018-19,5.6,13.5,2.2,4.8,0.8,2.2,0.4,0.7,1.1,3.9,1.0,0.5,0.9,0.8,0.46,0.57,5.0
147,John Wall,202322,2018-19,20.7,34.5,7.7,17.3,1.6,5.3,3.8,5.5,0.5,3.2,8.7,1.5,3.8,0.9,0.45,0.69,3.7
148,Jonas Jerebko,201973,2018-19,6.3,16.7,2.2,4.9,0.9,2.6,0.9,1.1,1.0,3.0,1.3,0.4,0.6,0.2,0.45,0.82,4.0
149,Jonas Valanciunas,202685,2018-19,15.6,22.3,6.1,11.0,0.3,1.0,3.0,3.8,2.2,6.4,1.4,0.4,1.8,1.1,0.55,0.79,8.6
150,Jonathon Simmons,203613,2018-19,6.5,19.0,2.4,6.3,0.5,1.9,1.3,1.7,0.5,1.8,2.3,0.5,1.2,0.3,0.38,0.76,2.3
151,Jordan Clarkson,203903,2018-19,16.8,27.3,6.5,14.6,1.8,5.5,2.0,2.4,1.0,2.3,2.4,0.7,1.7,0.2,0.45,0.83,3.3
152,Jose Calderon,101181,2018-19,2.3,12.9,0.9,2.4,0.3,1.2,0.2,0.2,0.2,1.0,2.3,0.3,0.7,0.1,0.38,1.0,1.2
153,Josh Richardson,1626196,2018-19,16.6,34.8,5.8,14.1,2.2,6.3,2.7,3.2,0.7,2.9,4.1,1.1,1.5,0.5,0.41,0.84,3.6
154,Jrue Holiday,201950,2018-19,21.2,35.8,8.2,17.3,1.8,5.4,3.1,4.0,1.1,3.9,7.7,1.6,3.1,0.8,0.47,0.78,5.0
155,Juan Hernangomez,1627823,2018-19,5.8,19.4,2.0,4.5,0.9,2.6,0.9,1.2,0.9,2.9,0.8,0.4,0.5,0.3,0.44,0.75,3.8
156,Julius Randle,203944,2018-19,21.4,30.6,7.8,14.9,0.9,2.7,4.9,6.7,2.2,6.5,3.1,0.7,2.8,0.6,0.52,0.73,8.7
157,Justin Anderson,1626147,2018-19,3.7,9.7,1.3,3.3,0.5,1.6,0.5,0.7,0.5,1.3,0.5,0.5,0.5,0.3,0.39,0.71,1.8
158,Justin Holiday,203200,2018-19,10.5,31.8,3.7,9.5,2.0,5.7,1.2,1.3,0.6,3.4,1.8,1.5,1.3,0.4,0.39,0.92,4.0
159,Justise Winslow,1626159,2018-19,12.6,29.7,4.9,11.3,1.5,3.9,1.3,2.1,1.0,4.4,4.3,1.1,2.2,0.3,0.43,0.62,5.4
160,Jusuf Nurkic,203994,2018-19,15.6,27.4,5.8,11.5,0.0,0.4,3.9,5.1,3.4,7.0,3.2,1.0,2.3,1.4,0.5,0.76,10.4
161,Karl-Anthony Towns,1626157,2018-19,24.4,33.0,8.8,17.1,1.8,4.6,4.9,5.8,3.4,9.0,3.4,0.9,3.1,1.6,0.51,0.84,12.4
162,Kelly Olynyk,203482,2018-19,10.0,22.9,3.3,7.1,1.4,4.0,1.9,2.3,0.9,3.8,1.8,0.7,1.4,0.5,0.46,0.83,4.7
163,Kelly Oubre Jr.,1626162,2018-19,15.2,28.0,5.4,12.2,1.6,4.9,2.7,3.5,1.0,3.7,1.2,1.2,1.5,0.9,0.44,0.77,4.7
164,Kemba Walker,202689,2018-19,25.6,34.9,8.9,20.5,3.2,8.9,4.6,5.5,0.6,3.8,5.9,1.2,2.6,0.4,0.43,0.84,4.4
165,Kenneth Faried,202702,2018-19,10.4,19.7,4.2,7.2,0.2,0.7,1.7,2.7,2.6,4.1,0.5,0.5,0.9,0.6,0.58,0.63,6.7
166,Kent Bazemore,203145,2018-19,11.6,24.5,4.1,10.3,1.4,4.5,1.9,2.6,0.6,3.3,2.3,1.3,1.8,0.6,0.4,0.73,3.9
167,Kentavious Caldwell-Pope,203484,2018-19,11.4,24.8,4.0,9.2,1.8,5.3,1.7,1.9,0.6,2.3,1.3,0.9,0.8,0.2,0.43,0.89,2.9
168,Kevin Durant,201142,2018-19,26.0,34.6,9.2,17.7,1.8,5.0,5.7,6.5,0.4,5.9,5.9,0.7,2.9,1.1,0.52,0.88,6.3
169,Kevin Love,201567,2018-19,17.0,27.2,5.0,12.9,2.4,6.7,4.7,5.2,1.5,9.4,2.2,0.3,1.9,0.2,0.39,0.9,10.9
170,Kevon Looney,1626172,2018-19,6.3,18.5,2.7,4.3,0.0,0.1,0.8,1.3,2.4,2.8,1.5,0.6,0.6,0.7,0.63,0.62,5.2
171,Khris Middleton,203114,2018-19,18.3,31.1,6.6,14.9,2.3,6.2,2.8,3.4,0.6,5.3,4.3,1.0,2.3,0.1,0.44,0.82,5.9
172,Klay Thompson,202691,2018-19,21.5,34.0,8.4,18.0,3.1,7.7,1.7,2.0,0.5,3.4,2.4,1.1,1.5,0.6,0.47,0.85,3.9
173,Kosta Koufos,201585,2018-19,3.7,11.9,1.7,3.6,0.0,0.0,0.2,0.6,1.2,3.0,0.9,0.4,0.6,0.4,0.47,0.33,4.2
174,Kris Dunn,1627739,2018-19,11.3,30.2,4.7,11.0,0.7,2.1,1.2,1.5,0.4,3.7,6.0,1.5,2.3,0.5,0.43,0.8,4.1
175,Kyle Anderson,203937,2018-19,8.0,29.8,3.5,6.4,0.2,0.8,0.9,1.5,1.1,4.7,3.0,1.3,1.3,0.9,0.55,0.6,5.8
176,Kyle Korver,2594,2018-19,8.6,19.1,2.9,6.9,2.0,5.0,0.9,1.0,0.1,2.2,1.2,0.4,0.8,0.2,0.42,0.9,2.3
177,Kyle Lowry,200768,2018-19,14.2,34.1,4.7,11.4,2.4,7.0,2.5,3.0,0.6,4.2,8.7,1.4,2.8,0.5,0.41,0.83,4.8
178,Kyle O'Quinn,203124,2018-19,3.5,8.2,1.5,3.0,0.0,0.3,0.4,0.5,0.6,2.0,1.2,0.2,0.7,0.6,0.5,0.8,2.6
179,Kyrie Irving,202681,2018-19,23.8,33.0,9.0,18.5,2.6,6.5,3.2,3.7,1.1,3.9,6.9,1.5,2.6,0.5,0.49,0.86,5.0
180,LaMarcus Aldridge,200746,2018-19,21.3,33.2,8.4,16.3,0.1,0.5,4.3,5.1,3.1,6.1,2.4,0.5,1.8,1.3,0.52,0.84,9.2
181,Lance Stephenson,202362,2018-19,7.2,16.5,2.7,6.4,1.1,2.9,0.7,1.1,0.5,2.7,2.1,0.6,1.3,0.1,0.42,0.64,3.2
182,Lance Thomas,202498,2018-19,4.5,17.0,1.7,4.3,0.5,1.7,0.6,0.8,0.5,2.1,0.6,0.4,0.5,0.2,0.4,0.75,2.6
183,Langston Galloway,204038,2018-19,8.4,21.8,2.9,7.3,1.7,4.8,1.0,1.2,0.6,1.5,1.1,0.5,0.3,0.1,0.4,0.83,2.1
184,Larry Nance Jr.,1626204,2018-19,9.4,26.8,3.7,7.1,0.5,1.5,1.4,2.0,2.5,5.7,3.2,1.5,1.4,0.6,0.52,0.7,8.2
185,LeBron James,2544,2018-19,27.4,35.2,10.1,19.9,2.0,5.9,5.1,7.6,1.0,7.4,8.3,1.3,3.6,0.6,0.51,0.67,8.4
186,Lou Williams,101150,2018-19,20.0,26.6,6.5,15.2,1.4,3.9,5.7,6.5,0.5,2.4,5.4,0.8,2.4,0.1,0.43,0.88,2.9
187,Luc Mbah a Moute,201601,2018-19,5.0,15.3,2.0,4.5,0.5,1.5,0.5,1.3,0.5,1.3,0.5,0.3,0.5,0.3,0.44,0.38,1.8
188,Malachi Richardson,1627781,2018-19,1.4,4.7,0.4,1.3,0.4,1.1,0.2,0.2,0.1,0.5,0.0,0.0,0.4,0.0,0.31,1.0,0.6
189,Malcolm Brogdon,1627763,2018-19,15.6,28.6,5.9,11.7,1.6,3.8,2.2,2.4,1.0,3.5,3.2,0.7,1.4,0.2,0.5,0.92,4.5
190,Malik Beasley,1627736,2018-19,11.3,23.2,4.3,9.1,2.0,5.0,0.7,0.8,0.4,2.0,1.2,0.7,0.7,0.1,0.47,0.87,2.4
191,Marc Gasol,201188,2018-19,13.6,30.8,4.9,11.0,1.3,3.5,2.4,3.2,1.0,6.9,4.4,1.1,2.0,1.1,0.45,0.75,7.9
192,Marcin Gortat,101162,2018-19,5.0,16.0,2.1,4.0,0.0,0.0,0.7,1.0,1.4,4.1,1.4,0.1,1.1,0.5,0.52,0.7,5.5
193,Marco Belinelli,201158,2018-19,10.5,23.0,3.6,8.7,1.9,5.0,1.4,1.6,0.2,2.3,1.7,0.4,0.9,0.1,0.41,0.87,2.5
194,Marcus Morris,202694,2018-19,13.9,27.9,5.0,11.3,1.9,5.2,1.9,2.3,1.0,5.1,1.5,0.6,1.2,0.3,0.44,0.83,6.1
195,Marcus Smart,203935,2018-19,8.9,27.5,3.0,7.1,1.6,4.3,1.3,1.6,0.7,2.2,4.0,1.8,1.5,0.4,0.42,0.81,2.9
196,Mario Hezonja,1626209,2018-19,8.8,20.8,3.3,8.0,0.7,2.6,1.5,2.0,0.5,3.6,1.5,1.0,1.5,0.1,0.41,0.75,4.1
197,Markieff Morris,202693,2018-19,9.4,21.9,3.5,8.3,1.2,3.5,1.2,1.6,1.1,3.5,1.4,0.6,0.9,0.4,0.42,0.75,4.6
198,Marquese Chriss,1627737,2018-19,4.2,11.6,1.6,4.2,0.4,1.7,0.7,1.0,0.9,2.4,0.5,0.4,0.8,0.3,0.38,0.7,3.3
199,Marvin Williams,101107,2018-19,10.1,28.4,3.7,8.7,1.9,5.1,0.9,1.1,1.0,4.4,1.2,0.9,0.6,0.8,0.43,0.82,5.4
200,Mason Plumlee,203486,2018-19,7.8,21.1,3.2,5.4,0.0,0.1,1.4,2.4,2.0,4.4,3.0,0.8,1.5,0.9,0.59,0.58,6.4
201,Matthew Dellavedova,203521,2018-19,5.9,16.9,2.0,5.0,0.9,2.7,0.9,1.1,0.1,1.5,3.8,0.3,1.4,0.0,0.4,0.82,1.6
202,Maurice Harkless,203090,2018-19,7.7,23.6,3.2,6.5,0.6,2.0,0.8,1.2,1.3,3.2,1.2,1.1,0.8,0.9,0.49,0.67,4.5
203,Meyers Leonard,203086,2018-19,5.9,14.4,2.2,4.0,0.8,1.8,0.7,0.8,0.8,3.0,1.2,0.2,0.7,0.1,0.55,0.87,3.8
204,Michael Beasley,201563,2018-19,7.0,10.7,2.9,5.9,0.1,0.7,1.1,1.5,0.5,1.8,1.0,0.3,1.0,0.4,0.49,0.73,2.3
205,Michael Carter-Williams,203487,2018-19,4.8,13.3,1.6,4.4,0.4,1.4,1.1,1.9,0.7,1.8,2.5,0.7,0.7,0.5,0.36,0.58,2.5
206,Michael Kidd-Gilchrist,203077,2018-19,6.7,18.4,2.5,5.2,0.3,0.7,1.5,1.9,1.4,2.5,1.0,0.5,0.7,0.6,0.48,0.79,3.9
207,Mike Conley,201144,2018-19,21.1,33.5,7.0,16.0,2.2,6.1,4.9,5.8,0.6,2.8,6.4,1.3,1.9,0.3,0.44,0.84,3.4
208,Mike Muscala,203488,2018-19,7.0,20.4,2.3,5.6,1.4,4.0,1.1,1.3,0.9,2.9,1.2,0.3,0.8,0.6,0.41,0.85,3.8
209,Mike Scott,203118,2018-19,5.8,17.7,2.1,5.3,1.3,3.2,0.3,0.4,0.5,2.9,0.8,0.3,0.6,0.2,0.4,0.75,3.4
210,Miles Plumlee,203101,2018-19,4.4,9.6,1.8,2.7,0.0,0.0,0.9,1.7,0.9,1.3,0.9,0.3,0.6,0.2,0.67,0.53,2.2
211,Montrezl Harrell,1626149,2018-19,16.6,26.3,6.7,10.8,0.0,0.2,3.2,5.0,2.2,4.3,2.0,0.9,1.6,1.3,0.62,0.64,6.5
212,Myles Turner,1626167,2018-19,13.3,28.6,5.1,10.5,1.0,2.6,2.0,2.7,1.4,5.8,1.6,0.8,1.4,2.7,0.49,0.74,7.2
213,Nemanja Bjelica,202357,2018-19,9.6,23.2,3.7,7.7,1.3,3.3,0.9,1.2,1.6,4.1,1.9,0.7,1.1,0.7,0.48,0.75,5.7
214,Nene,2403,2018-19,3.6,13.0,1.4,2.8,0.0,0.1,0.7,1.1,0.8,2.1,0.6,0.4,0.3,0.4,0.5,0.64,2.9
215,Nerlens Noel,203457,2018-19,4.9,13.7,2.1,3.6,0.0,0.0,0.7,1.0,1.6,2.6,0.6,0.9,0.6,1.2,0.58,0.7,4.2
216,Nick Young,201156,2018-19,2.3,9.3,0.8,2.3,0.8,2.0,0.0,0.0,0.0,0.3,0.5,0.0,0.5,0.3,0.35,,0.3
217,Nicolas Batum,201587,2018-19,9.3,31.4,3.4,7.5,1.5,4.0,1.0,1.2,0.9,4.3,3.3,0.9,1.6,0.6,0.45,0.83,5.2
218,Nik Stauskas,203917,2018-19,5.9,14.9,2.0,5.0,1.0,2.8,0.8,0.9,0.3,1.6,1.2,0.3,0.8,0.1,0.4,0.89,1.9
219,Nikola Jokic,203999,2018-19,20.1,31.3,7.7,15.1,1.0,3.4,3.6,4.4,2.9,8.0,7.3,1.4,3.1,0.7,0.51,0.82,10.9
220,Nikola Mirotic,202703,2018-19,15.2,27.1,5.2,11.8,2.5,6.9,2.3,2.7,1.3,6.1,1.2,0.7,1.0,0.7,0.44,0.85,7.4
221,Nikola Vucevic,202696,2018-19,20.8,31.4,8.8,16.9,1.1,2.9,2.2,2.8,2.8,9.2,3.8,1.0,2.0,1.1,0.52,0.79,12.0
222,Noah Vonleh,203943,2018-19,8.4,25.3,3.0,6.5,0.7,2.0,1.6,2.3,1.7,6.1,1.9,0.7,1.3,0.8,0.46,0.7,7.8
223,Norman Powell,1626181,2018-19,8.6,18.8,3.2,6.7,1.1,2.8,1.0,1.3,0.3,2.1,1.5,0.7,1.1,0.2,0.48,0.77,2.4
224,Omri Casspi,201956,2018-19,6.3,14.5,2.4,4.5,0.4,1.2,1.1,1.6,0.5,2.7,0.7,0.6,0.6,0.3,0.53,0.69,3.2
225,Otto Porter Jr.,203490,2018-19,13.9,30.1,5.3,11.5,1.9,4.6,1.4,1.7,1.0,4.6,2.1,1.5,1.2,0.6,0.46,0.82,5.6
226,PJ Tucker,200782,2018-19,7.3,34.2,2.5,6.4,1.8,4.7,0.5,0.7,1.5,4.4,1.2,1.6,0.8,0.5,0.39,0.71,5.9
227,Pascal Siakam,1627783,2018-19,16.9,31.8,6.5,11.8,1.0,2.7,3.0,3.8,1.6,5.3,3.1,0.9,1.9,0.7,0.55,0.79,6.9
228,Pat Connaughton,1626192,2018-19,6.9,20.7,2.7,5.7,1.1,3.3,0.5,0.7,1.0,3.2,2.0,0.5,0.5,0.4,0.47,0.71,4.2
229,Patrick Beverley,201976,2018-19,7.6,27.4,2.5,6.1,1.4,3.6,1.2,1.6,1.0,4.0,3.8,0.9,1.1,0.6,0.41,0.75,5.0
230,Patrick McCaw,1627775,2018-19,2.6,13.7,0.9,2.2,0.3,1.0,0.4,0.5,0.2,1.4,1.0,0.8,0.6,0.1,0.41,0.8,1.6
231,Patrick Patterson,202335,2018-19,3.6,13.7,1.3,3.5,0.7,2.2,0.3,0.5,0.7,1.7,0.5,0.3,0.3,0.2,0.37,0.6,2.4
232,Patty Mills,201988,2018-19,9.9,23.3,3.4,8.1,1.9,4.9,1.1,1.3,0.3,1.9,3.0,0.6,1.1,0.1,0.42,0.85,2.2
233,Pau Gasol,2200,2018-19,3.9,12.0,1.4,3.1,0.2,0.4,0.9,1.3,0.7,3.8,1.7,0.2,0.5,0.5,0.45,0.69,4.5
234,Paul George,202331,2018-19,28.0,36.9,9.2,21.0,3.8,9.8,5.9,7.0,1.4,6.8,4.1,2.2,2.7,0.4,0.44,0.84,8.2
235,Paul Millsap,200794,2018-19,12.6,27.1,4.6,9.5,0.8,2.3,2.6,3.6,2.2,5.0,2.0,1.2,1.4,0.8,0.48,0.72,7.2
236,Quincy Acy,203112,2018-19,1.7,12.3,0.4,1.8,0.2,1.5,0.7,1.0,0.3,2.2,0.8,0.1,0.4,0.4,0.22,0.7,2.5
237,Quinn Cook,1626188,2018-19,6.9,14.3,2.8,5.9,1.1,2.7,0.3,0.4,0.3,1.8,1.6,0.3,0.7,0.0,0.47,0.75,2.1
238,Rajon Rondo,200765,2018-19,9.2,29.8,3.8,9.4,1.1,3.1,0.5,0.8,0.7,4.5,8.0,1.2,2.8,0.2,0.4,0.62,5.2
239,Raul Neto,203526,2018-19,5.3,12.8,2.0,4.4,0.5,1.6,0.8,0.9,0.2,1.5,2.5,0.4,0.9,0.1,0.45,0.89,1.7
240,Raymond Felton,101109,2018-19,4.3,11.5,1.7,4.1,0.6,1.8,0.4,0.4,0.1,0.9,1.6,0.3,0.4,0.2,0.41,1.0,1.0
241,Reggie Bullock,203493,2018-19,11.3,29.8,3.9,9.4,2.3,6.2,1.2,1.3,0.3,2.4,2.0,0.6,1.0,0.2,0.41,0.92,2.7
242,Reggie Jackson,202704,2018-19,15.4,27.9,5.4,12.8,2.1,5.7,2.5,2.9,0.5,2.1,4.2,0.7,1.8,0.1,0.42,0.86,2.6
243,Richaun Holmes,1626158,2018-19,8.2,16.9,3.2,5.2,0.0,0.0,1.8,2.5,1.6,3.1,0.9,0.6,0.7,1.1,0.62,0.72,4.7
244,Ricky Rubio,201937,2018-19,12.7,27.9,4.3,10.7,1.2,3.7,2.9,3.4,0.5,3.1,6.1,1.3,2.6,0.1,0.4,0.85,3.6
245,Robert Covington,203496,2018-19,13.3,34.4,4.5,10.3,2.4,6.4,1.9,2.5,0.8,4.7,1.3,2.1,1.3,1.3,0.44,0.76,5.5
246,Robin Lopez,201577,2018-19,9.5,21.7,4.1,7.2,0.1,0.4,1.2,1.7,1.9,2.0,1.2,0.1,1.3,1.1,0.57,0.71,3.9
247,Rodney Hood,203918,2018-19,11.2,26.3,4.1,9.3,1.2,3.3,1.9,2.2,0.3,1.8,1.8,0.8,0.8,0.2,0.44,0.86,2.1
248,Rodney McGruder,203585,2018-19,7.6,23.5,2.8,7.0,1.2,3.4,0.8,1.1,0.9,2.7,1.7,0.5,1.0,0.2,0.4,0.73,3.6
249,Ron Baker,1627758,2018-19,0.9,10.1,0.3,1.3,0.1,0.9,0.3,0.4,0.1,0.7,1.0,0.4,0.3,0.1,0.23,0.75,0.8
250,Rondae Hollis-Jefferson,1626178,2018-19,8.9,20.9,3.4,8.3,0.2,0.8,2.0,3.1,1.4,3.8,1.6,0.7,1.2,0.5,0.41,0.65,5.2
251,Rudy Gay,200752,2018-19,13.7,26.7,5.4,10.8,1.1,2.7,1.7,2.1,0.9,5.9,2.6,0.8,1.7,0.5,0.5,0.81,6.8
252,Rudy Gobert,203497,2018-19,15.9,31.8,5.9,8.8,0.0,0.0,4.1,6.4,3.8,9.0,2.0,0.8,1.6,2.3,0.67,0.64,12.8
253,Russell Westbrook,201566,2018-19,22.9,36.0,8.6,20.2,1.6,5.6,4.1,6.2,1.5,9.6,10.7,1.9,4.5,0.5,0.43,0.66,11.1
254,Ryan Anderson,201583,2018-19,2.5,12.9,0.8,2.8,0.4,1.6,0.5,0.6,0.7,1.4,0.8,0.2,0.6,0.0,0.29,0.83,2.1
255,Salah Mejri,1626257,2018-19,3.9,11.1,1.5,3.1,0.3,0.9,0.6,0.9,1.0,2.6,1.0,0.3,0.6,0.7,0.48,0.67,3.6
256,Sam Dekker,1626155,2018-19,6.1,16.8,2.6,5.4,0.4,1.3,0.6,1.0,1.1,2.0,1.0,0.8,0.5,0.1,0.48,0.6,3.1
257,Serge Ibaka,201586,2018-19,15.0,27.2,6.3,11.9,0.7,2.3,1.8,2.4,2.1,6.0,1.3,0.4,1.5,1.4,0.53,0.75,8.1
258,Shabazz Napier,203894,2018-19,9.4,17.6,3.0,7.8,1.4,4.1,2.1,2.5,0.3,1.5,2.6,0.7,1.2,0.3,0.38,0.84,1.8
259,Shaun Livingston,2733,2018-19,4.0,15.1,1.7,3.3,0.0,0.0,0.6,0.8,0.7,1.2,1.8,0.5,0.6,0.4,0.52,0.75,1.9
260,Shelvin Mack,202714,2018-19,7.5,21.9,2.9,7.1,0.8,2.3,1.0,1.5,0.3,1.5,3.2,0.8,1.2,0.1,0.41,0.67,1.8
261,Skal Labissiere,1627746,2018-19,3.0,8.0,1.2,2.2,0.3,0.6,0.4,0.8,0.4,1.5,0.5,0.2,0.5,0.3,0.55,0.5,1.9
262,Solomon Hill,203524,2018-19,4.3,20.0,1.5,4.0,0.7,2.3,0.5,0.7,0.8,2.3,1.3,0.5,0.7,0.2,0.38,0.71,3.1
263,Spencer Dinwiddie,203915,2018-19,16.8,28.1,5.4,12.2,1.8,5.4,4.2,5.2,0.4,2.1,4.6,0.6,2.2,0.3,0.44,0.81,2.5
264,Stanley Johnson,1626169,2018-19,6.9,18.3,2.6,6.7,0.9,3.3,0.8,1.0,0.5,2.8,1.3,0.9,1.2,0.2,0.39,0.8,3.3
265,Stephen Curry,201939,2018-19,27.3,33.8,9.2,19.4,5.1,11.7,3.8,4.2,0.7,4.7,5.2,1.3,2.8,0.4,0.47,0.9,5.4
266,Steven Adams,203500,2018-19,13.9,33.4,6.0,10.1,0.0,0.0,1.8,3.7,4.9,4.6,1.6,1.5,1.7,1.0,0.59,0.49,9.5
267,T.J. McConnell,204456,2018-19,6.4,19.3,2.9,5.5,0.2,0.6,0.4,0.5,0.4,1.9,3.4,1.0,1.2,0.2,0.53,0.8,2.3
268,TJ Warren,203933,2018-19,18.0,31.6,6.9,14.2,1.8,4.2,2.3,2.9,0.7,3.3,1.5,1.2,1.2,0.7,0.49,0.79,4.0
269,Taj Gibson,201959,2018-19,10.8,24.1,4.3,7.7,0.2,0.5,1.9,2.5,2.5,4.1,1.2,0.8,1.0,0.6,0.56,0.76,6.6
270,Taurean Prince,1627752,2018-19,13.5,28.2,4.8,10.8,2.2,5.7,1.7,2.1,0.4,3.2,2.1,1.0,1.8,0.3,0.44,0.81,3.6
271,Terrence Ross,203082,2018-19,15.1,26.5,5.4,12.7,2.7,7.0,1.6,1.8,0.3,3.1,1.7,0.9,1.1,0.4,0.43,0.89,3.4
272,Terry Rozier,1626179,2018-19,9.0,22.7,3.3,8.4,1.5,4.3,0.9,1.2,0.4,3.5,2.9,0.9,0.9,0.3,0.39,0.75,3.9
273,Thabo Sefolosha,200757,2018-19,3.8,12.2,1.4,3.0,0.7,1.6,0.3,0.4,0.2,2.3,0.5,0.9,0.5,0.1,0.47,0.75,2.5
274,Thaddeus Young,201152,2018-19,12.6,30.7,5.5,10.4,0.6,1.8,1.1,1.7,2.4,4.1,2.5,1.5,1.5,0.4,0.53,0.65,6.5
275,Thon Maker,1627748,2018-19,5.0,15.2,1.7,4.2,0.8,2.4,0.9,1.3,0.6,2.5,0.7,0.3,0.5,0.8,0.4,0.69,3.1
276,Tim Frazier,204025,2018-19,5.3,19.0,2.0,4.4,0.6,1.7,0.7,0.9,0.7,2.2,4.2,0.5,1.3,0.1,0.45,0.78,2.9
277,Tim Hardaway Jr.,203501,2018-19,18.1,31.6,6.0,15.3,2.5,7.3,3.6,4.2,0.5,2.9,2.4,0.8,1.6,0.1,0.39,0.86,3.4
278,Timothe Luwawu-Cabarrot,1627789,2018-19,4.6,13.4,1.6,4.4,0.7,2.3,0.6,0.8,0.2,1.7,0.5,0.4,0.4,0.2,0.36,0.75,1.9
279,Tobias Harris,202699,2018-19,20.0,34.7,7.5,15.3,1.9,4.8,3.2,3.7,0.8,7.0,2.8,0.6,1.8,0.5,0.49,0.86,7.8
280,Tomas Satoransky,203107,2018-19,8.9,27.0,3.2,6.6,0.8,2.0,1.6,2.0,1.0,2.5,5.0,1.0,1.5,0.2,0.48,0.8,3.5
281,Tony Parker,2225,2018-19,9.5,17.9,3.8,8.3,0.2,0.9,1.6,2.2,0.3,1.2,3.7,0.4,1.3,0.1,0.46,0.73,1.5
282,Tony Snell,203503,2018-19,6.0,17.6,2.2,4.9,1.1,2.8,0.5,0.6,0.4,1.7,0.9,0.4,0.3,0.2,0.45,0.83,2.1
283,Treveon Graham,1626203,2018-19,5.3,20.4,1.8,5.5,1.1,3.7,0.5,0.6,0.7,2.4,1.0,0.4,0.5,0.2,0.33,0.83,3.1
284,Trevor Ariza,2772,2018-19,12.5,34.0,4.3,10.7,2.1,6.3,1.9,2.4,0.7,4.7,3.7,1.3,1.5,0.3,0.4,0.79,5.4
285,Trey Burke,203504,2018-19,10.9,19.4,4.1,9.4,1.0,2.7,1.8,2.1,0.5,1.2,2.7,0.6,0.8,0.1,0.44,0.86,1.7
286,Trey Lyles,1626168,2018-19,8.5,17.5,3.2,7.7,0.8,3.1,1.3,1.8,0.7,3.2,1.4,0.5,1.1,0.4,0.42,0.72,3.9
287,Tristan Thompson,202684,2018-19,10.9,27.9,4.7,8.8,0.0,0.0,1.6,2.5,4.0,6.2,2.0,0.7,1.4,0.4,0.53,0.64,10.2
288,Troy Daniels,203584,2018-19,6.2,14.9,2.2,5.4,1.5,3.8,0.4,0.5,0.3,1.2,0.5,0.5,0.5,0.1,0.41,0.8,1.5
289,Troy Williams,1627786,2018-19,5.3,14.9,2.1,4.7,0.7,2.1,0.4,0.7,0.6,2.2,0.5,0.5,0.4,0.4,0.45,0.57,2.8
290,Tyler Johnson,204020,2018-19,10.9,26.8,3.8,9.2,1.6,4.6,1.7,2.2,0.6,2.4,2.9,0.9,1.4,0.5,0.41,0.77,3.0
291,Tyler Ulis,1627755,2018-19,0.0,0.8,0.0,0.0,0.0,0.0,0.0,0.0,0.0,0.0,0.0,0.0,0.0,0.0,,,0.0
292,Tyler Zeller,203092,2018-19,7.7,15.5,2.7,5.0,0.0,0.2,2.3,3.0,1.8,2.2,0.7,0.2,0.7,0.5,0.54,0.77,4.0
293,Tyreke Evans,201936,2018-19,10.2,20.3,3.7,9.6,1.1,3.1,1.7,2.3,0.5,2.4,2.4,0.8,1.7,0.3,0.39,0.74,2.9
294,Tyson Chandler,2199,2018-19,3.1,15.9,1.1,1.8,0.0,0.0,0.9,1.6,1.7,3.9,0.7,0.4,0.8,0.4,0.61,0.56,5.6
295,Tyus Jones,1626145,2018-19,6.9,22.9,2.7,6.6,0.6,1.9,0.9,1.0,0.3,1.6,4.8,1.2,0.7,0.1,0.41,0.9,1.9
296,Victor Oladipo,203506,2018-19,18.8,31.9,6.9,16.3,2.1,6.0,2.9,3.9,0.6,5.0,5.2,1.7,2.3,0.3,0.42,0.74,5.6
297,Vince Carter,1713,2018-19,7.4,17.5,2.6,6.2,1.6,4.2,0.6,0.9,0.4,2.1,1.1,0.6,0.6,0.4,0.42,0.67,2.5
298,Wayne Ellington,201961,2018-19,10.3,24.5,3.5,8.6,2.6,7.0,0.7,0.9,0.3,1.8,1.4,1.0,0.8,0.1,0.41,0.78,2.1
299,Wayne Selden,1627782,2018-19,6.9,19.2,2.6,6.4,0.7,2.3,0.9,1.2,0.5,1.9,1.5,0.4,1.1,0.2,0.41,0.75,2.4
300,Wesley Johnson,202325,2018-19,3.4,14.1,1.2,3.4,0.7,2.0,0.3,0.5,0.3,1.6,0.6,0.4,0.5,0.3,0.35,0.6,1.9
301,Wesley Matthews,202083,2018-19,12.2,30.3,4.0,10.1,2.2,5.8,1.9,2.4,0.5,2.0,2.3,0.8,1.3,0.2,0.4,0.79,2.5
302,Will Barton,203115,2018-19,11.5,27.7,4.3,10.7,1.6,4.6,1.3,1.7,0.7,3.9,2.9,0.4,1.5,0.5,0.4,0.76,4.6
303,Willie Cauley-Stein,1626161,2018-19,11.9,27.3,5.1,9.1,0.0,0.0,1.7,3.1,2.2,6.1,2.4,1.2,1.0,0.6,0.56,0.55,8.3
304,Willy Hernangomez,1626195,2018-19,7.3,14.0,2.6,5.1,0.3,0.7,1.7,2.5,2.0,3.3,1.0,0.3,1.0,0.3,0.51,0.68,5.3
305,Wilson Chandler,201163,2018-19,6.0,23.1,2.2,5.4,1.2,3.1,0.4,0.5,0.9,3.3,1.6,0.5,0.9,0.4,0.41,0.8,4.2
306,Yogi Ferrell,1627812,2018-19,5.9,15.0,2.2,5.0,0.8,2.1,0.8,0.9,0.2,1.4,1.9,0.5,0.6,0.1,0.44,0.89,1.6
307,Zach LaVine,203897,2018-19,23.7,34.5,8.4,18.0,1.9,5.1,5.0,6.0,0.6,4.0,4.5,1.0,3.4,0.4,0.47,0.83,4.6
308,Zaza Pachulia,2585,2018-19,3.9,12.9,1.3,2.8,0.0,0.1,1.4,1.8,1.5,2.4,1.3,0.5,0.8,0.3,0.46,0.78,3.9
